{"cameraMode":{"drawMode":0,"name":"Shaded","section":"Shading Mode"},"sceneLighting":false,"audioPlay":false,"sceneViewState":{"m_AlwaysRefresh":false,"showFog":true,"showSkybox":true,"showFlares":true,"showImageEffects":true,"showParticleSystems":true,"showVisualEffectGraphs":true,"m_FxEnabled":true},"in2DMode":false,"pivot":{"x":42.36733627319336,"y":-22.627506256103517,"z":56.1412467956543},"rotation":{"x":0.015931881964206697,"y":-0.8648930191993713,"z":0.5009633898735046,"w":0.027511311694979669},"size":129.94422912597657,"orthographic":false}